Time,Fluorecense,Optical Density
0.0,0.0,0.0
0.5,0.0,0.0
1.5000000000000002,0.0,0.0
1.5000000000000002,0.0,0.0
